Name,Url
Tyler Aldridge,/content/pgatour/players/player.29745.tyler-aldridge.html
Steven Alker,/content/pgatour/players/player.20771.steven-alker.html
Fulton Allem,/content/pgatour/players/player.01014.fulton-allem.html
Michael Allen,/content/pgatour/players/player.06197.michael-allen.html
Robert Allenby,/content/pgatour/players/player.10885.robert-allenby.html
Stephen Ames,/content/pgatour/players/player.06004.stephen-ames.html
Byeong Hun An,/content/pgatour/players/player.33948.byeong-hun-an.html
Abraham Ancer,/content/pgatour/players/player.45526.abraham-ancer.html
Fredrik Andersson Hed,/content/pgatour/players/player.20367.fredrik-andersson-hed.html
Billy Andrade,/content/pgatour/players/player.01024.billy-andrade.html
Isao Aoki,/content/pgatour/players/player.01030.isao-aoki.html
Kiradech Aphibarnrat,/content/pgatour/players/player.30978.kiradech-aphibarnrat.html
Stuart Appleby,/content/pgatour/players/player.20098.stuart-appleby.html
Ryan Armour,/content/pgatour/players/player.19803.ryan-armour.html
Tommy Armour III,/content/pgatour/players/player.01035.tommy-armour-iii.html
Brandon Askew,/content/pgatour/players/player.27437.brandon-askew.html
Matt Atkins,/content/pgatour/players/player.47125.matt-atkins.html
Arjun Atwal,/content/pgatour/players/player.21407.arjun-atwal.html
Woody Austin,/content/pgatour/players/player.07867.woody-austin.html
Eric Axley,/content/pgatour/players/player.23048.eric-axley.html
Paul Azinger,/content/pgatour/players/player.01042.paul-azinger.html
Aaron Baddeley,/content/pgatour/players/player.22371.aaron-baddeley.html
Sangmoon Bae,/content/pgatour/players/player.28259.sangmoon-bae.html
Briny Baird,/content/pgatour/players/player.20498.briny-baird.html
Blayne Barber,/content/pgatour/players/player.35545.blayne-barber.html
Craig Barlow,/content/pgatour/players/player.19824.craig-barlow.html
Ricky Barnes,/content/pgatour/players/player.24846.ricky-barnes.html
Brian Bateman,/content/pgatour/players/player.07223.brian-bateman.html
Andy Bean,/content/pgatour/players/player.01068.andy-bean.html
Chip Beck,/content/pgatour/players/player.01072.chip-beck.html
Cameron Beckman,/content/pgatour/players/player.12652.cameron-beckman.html
Rich Beem,/content/pgatour/players/player.23614.rich-beem.html
Charlie Beljan,/content/pgatour/players/player.32334.charlie-beljan.html
Deane Beman,/content/pgatour/players/player.01076.deane-beman.html
"David Berganio, Jr.",/content/pgatour/players/player.07003.david-berganio--jr-.html
Daniel Berger,/content/pgatour/players/player.40026.daniel-berger.html
Shane Bertsch,/content/pgatour/players/player.10505.shane-bertsch.html
Matt Bettencourt,/content/pgatour/players/player.20070.matt-bettencourt.html
Gaganjeet Bhullar,/content/pgatour/players/player.28697.gaganjeet-bhullar.html
Lucas Bjerregaard,/content/pgatour/players/player.33803.lucas-bjerregaard.html
Thomas Bjørn,/content/pgatour/players/player.10944.thomas-bjorn.html
Ronnie Black,/content/pgatour/players/player.01093.ronnie-black.html
Phil Blackmar,/content/pgatour/players/player.01096.phil-blackmar.html
Zac Blair,/content/pgatour/players/player.40058.zac-blair.html
Jay Don Blake,/content/pgatour/players/player.01098.jay-don-blake.html
Kris Blanks,/content/pgatour/players/player.28087.kris-blanks.html
Ryan Blaum,/content/pgatour/players/player.27958.ryan-blaum.html
Jonas Blixt,/content/pgatour/players/player.27895.jonas-blixt.html
Jason Bohn,/content/pgatour/players/player.24507.jason-bohn.html
Guy Boros,/content/pgatour/players/player.06214.guy-boros.html
Julius Boros,/content/pgatour/players/player.01108.julius-boros.html
Marcus Both,/content/pgatour/players/player.25335.marcus-both.html
Grégory Bourdy,/content/pgatour/players/player.26525.gregory-bourdy.html
Steven Bowditch,/content/pgatour/players/player.25274.steven-bowditch.html
Dominic Bozzelli,/content/pgatour/players/player.40009.dominic-bozzelli.html
Keegan Bradley,/content/pgatour/players/player.33141.keegan-bradley.html
Michael Bradley,/content/pgatour/players/player.01116.michael-bradley.html
Ryan Brehm,/content/pgatour/players/player.28420.ryan-brehm.html
Paul Broadhurst,/content/pgatour/players/player.08191.paul-broadhurst.html
Mark Brooks,/content/pgatour/players/player.01132.mark-brooks.html
Billy Ray Brown,/content/pgatour/players/player.01133.billy-ray-brown.html
Bud Brown,/content/pgatour/players/player.37670.bud-brown.html
Mark Brown,/content/pgatour/players/player.22313.mark-brown.html
Mark Brown,/content/pgatour/players/player.32262.mark-brown.html
Scott Brown,/content/pgatour/players/player.29479.scott-brown.html
Olin Browne,/content/pgatour/players/player.01139.olin-browne.html
Wesley Bryan,/content/pgatour/players/player.48084.wesley-bryan.html
Bart Bryant,/content/pgatour/players/player.01142.bart-bryant.html
Brad Bryant,/content/pgatour/players/player.01143.brad-bryant.html
Bronson Burgoon,/content/pgatour/players/player.29268.bronson-burgoon.html
Dean Burmester,/content/pgatour/players/player.33974.dean-burmester.html
Bob Burns,/content/pgatour/players/player.06809.bob-burns.html
Sam Burns,/content/pgatour/players/player.47504.sam-burns.html
Jonathan Byrd,/content/pgatour/players/player.24925.jonathan-byrd.html
James Byrne,/content/pgatour/players/player.32424.james-byrne.html
Curt Byrum,/content/pgatour/players/player.01156.curt-byrum.html
Tom Byrum,/content/pgatour/players/player.01157.tom-byrum.html
Ángel Cabrera,/content/pgatour/players/player.20848.angel-cabrera.html
Rafa Cabrera Bello,/content/pgatour/players/player.26499.rafa-cabrera-bello.html
Brian Cairns,/content/pgatour/players/player.22789.brian-cairns.html
Mark Calcavecchia,/content/pgatour/players/player.01161.mark-calcavecchia.html
Brian Campbell,/content/pgatour/players/player.46443.brian-campbell.html
Chad Campbell,/content/pgatour/players/player.12510.chad-campbell.html
Patrick Cantlay,/content/pgatour/players/player.35450.patrick-cantlay.html
Miguel Angel Carballo,/content/pgatour/players/player.28093.miguel-angel-carballo.html
Mark Carnevale,/content/pgatour/players/player.07569.mark-carnevale.html
Jim Carter,/content/pgatour/players/player.01175.jim-carter.html
Paul Casey,/content/pgatour/players/player.25364.paul-casey.html
Billy Casper,/content/pgatour/players/player.01177.billy-casper.html
Roberto Castro,/content/pgatour/players/player.32200.roberto-castro.html
Bud Cauley,/content/pgatour/players/player.34021.bud-cauley.html
Alejandro Cañizares,/content/pgatour/players/player.26500.alejandro-canizares.html
Alex Cejka,/content/pgatour/players/player.20472.alex-cejka.html
Greg Chalmers,/content/pgatour/players/player.20593.greg-chalmers.html
Kevin Chappell,/content/pgatour/players/player.32366.kevin-chappell.html
SSP Chawrasia,/content/pgatour/players/player.25203.ssp-chawrasia.html
K.J. Choi,/content/pgatour/players/player.24357.k-j--choi.html
Daniel Chopra,/content/pgatour/players/player.20850.daniel-chopra.html
Stewart Cink,/content/pgatour/players/player.20229.stewart-cink.html
Bobby Clampett,/content/pgatour/players/player.01197.bobby-clampett.html
Tim Clark,/content/pgatour/players/player.23135.tim-clark.html
Michael Clark II,/content/pgatour/players/player.12388.michael-clark-ii.html
Darren Clarke,/content/pgatour/players/player.19825.darren-clarke.html
Will Claxton,/content/pgatour/players/player.28455.will-claxton.html
Keith Clearwater,/content/pgatour/players/player.01200.keith-clearwater.html
José Coceres,/content/pgatour/players/player.19972.jose-coceres.html
Russ Cochran,/content/pgatour/players/player.01203.russ-cochran.html
George Coetzee,/content/pgatour/players/player.28937.george-coetzee.html
Jim Colbert,/content/pgatour/players/player.01205.jim-colbert.html
Chad Collins,/content/pgatour/players/player.25720.chad-collins.html
Nicolas Colsaerts,/content/pgatour/players/player.23452.nicolas-colsaerts.html
Erik Compton,/content/pgatour/players/player.24494.erik-compton.html
Frank Conner,/content/pgatour/players/player.01214.frank-conner.html
Donald Constable,/content/pgatour/players/player.37450.donald-constable.html
Austin Cook,/content/pgatour/players/player.46435.austin-cook.html
John Cook,/content/pgatour/players/player.01219.john-cook.html
Mark Costaregni,/content/pgatour/players/player.40066.mark-costaregni.html
Chris Couch,/content/pgatour/players/player.11123.chris-couch.html
Fred Couples,/content/pgatour/players/player.01226.fred-couples.html
Ben Crane,/content/pgatour/players/player.23541.ben-crane.html
Ben Crenshaw,/content/pgatour/players/player.01235.ben-crenshaw.html
Jon Curran,/content/pgatour/players/player.34262.jon-curran.html
Ben Curtis,/content/pgatour/players/player.22621.ben-curtis.html
Joel Dahmen,/content/pgatour/players/player.34076.joel-dahmen.html
John Daly,/content/pgatour/players/player.01249.john-daly.html
Robert Damron,/content/pgatour/players/player.19881.robert-damron.html
Brian Davis,/content/pgatour/players/player.21753.brian-davis.html
Marco Dawson,/content/pgatour/players/player.06034.marco-dawson.html
Glen Day,/content/pgatour/players/player.08931.glen-day.html
Jason Day,/content/pgatour/players/player.28089.jason-day.html
Brendon de Jonge,/content/pgatour/players/player.23638.brendon-de-jonge.html
Roberto De Vicenzo,/content/pgatour/players/player.05163.roberto-de-vicenzo.html
Bryson DeChambeau,/content/pgatour/players/player.47959.bryson-dechambeau.html
Graham DeLaet,/content/pgatour/players/player.27436.graham-delaet.html
Jay Delsing,/content/pgatour/players/player.01261.jay-delsing.html
Jim Dent,/content/pgatour/players/player.01268.jim-dent.html
Terry Diehl,/content/pgatour/players/player.01275.terry-diehl.html
Chris DiMarco,/content/pgatour/players/player.06251.chris-dimarco.html
Matt Dobyns,/content/pgatour/players/player.36983.matt-dobyns.html
Trevor Dodds,/content/pgatour/players/player.01282.trevor-dodds.html
Andrew Dodt,/content/pgatour/players/player.28751.andrew-dodt.html
Luke Donald,/content/pgatour/players/player.23983.luke-donald.html
Mike Donald,/content/pgatour/players/player.01284.mike-donald.html
Jamie Donaldson,/content/pgatour/players/player.25369.jamie-donaldson.html
Zecheng Dou,/content/pgatour/players/player.37338.zecheng-dou.html
Ed Dougherty,/content/pgatour/players/player.01288.ed-dougherty.html
Sean Dougherty,/content/pgatour/players/player.32485.sean-dougherty.html
Dale Douglass,/content/pgatour/players/player.01290.dale-douglass.html
Brett Drewitt,/content/pgatour/players/player.35110.brett-drewitt.html
Victor Dubuisson,/content/pgatour/players/player.28339.victor-dubuisson.html
Jason Dufner,/content/pgatour/players/player.25686.jason-dufner.html
Ken Duke,/content/pgatour/players/player.20104.ken-duke.html
Joe Durant,/content/pgatour/players/player.06621.joe-durant.html
David Duval,/content/pgatour/players/player.09011.david-duval.html
Simon Dyson,/content/pgatour/players/player.24512.simon-dyson.html
Roberto Díaz,/content/pgatour/players/player.35376.roberto-diaz.html
Danny Edwards,/content/pgatour/players/player.01305.danny-edwards.html
David Edwards,/content/pgatour/players/player.01306.david-edwards.html
Joel Edwards,/content/pgatour/players/player.01307.joel-edwards.html
Dave Eichelberger,/content/pgatour/players/player.01310.dave-eichelberger.html
Steve Elkington,/content/pgatour/players/player.01313.steve-elkington.html
Ernie Els,/content/pgatour/players/player.06522.ernie-els.html
Harris English,/content/pgatour/players/player.34099.harris-english.html
Derek Ernst,/content/pgatour/players/player.37273.derek-ernst.html
Bob Estes,/content/pgatour/players/player.01320.bob-estes.html
Julián Etulain,/content/pgatour/players/player.30191.julian-etulain.html
Matt Every,/content/pgatour/players/player.28307.matt-every.html
Nick Faldo,/content/pgatour/players/player.01326.nick-faldo.html
Derek Fathauer,/content/pgatour/players/player.31416.derek-fathauer.html
Brad Faxon,/content/pgatour/players/player.01329.brad-faxon.html
Gonzalo Fdez-Castaño,/content/pgatour/players/player.25191.gonzalo-fdez-castano.html
Rick Fehr,/content/pgatour/players/player.01331.rick-fehr.html
Keith Fergus,/content/pgatour/players/player.01334.keith-fergus.html
Tony Finau,/content/pgatour/players/player.29725.tony-finau.html
Ross Fisher,/content/pgatour/players/player.27896.ross-fisher.html
Matthew Fitzpatrick,/content/pgatour/players/player.40098.matthew-fitzpatrick.html
Tommy Fleetwood,/content/pgatour/players/player.30911.tommy-fleetwood.html
Bruce Fleisher,/content/pgatour/players/player.01353.bruce-fleisher.html
Steve Flesch,/content/pgatour/players/player.07457.steve-flesch.html
Martin Flores,/content/pgatour/players/player.28500.martin-flores.html
Raymond Floyd,/content/pgatour/players/player.01355.raymond-floyd.html
Doug Ford,/content/pgatour/players/player.01359.doug-ford.html
Dan Forsman,/content/pgatour/players/player.01361.dan-forsman.html
Rickie Fowler,/content/pgatour/players/player.32102.rickie-fowler.html
Ryan Fox,/content/pgatour/players/player.29936.ryan-fox.html
Carlos Franco,/content/pgatour/players/player.12823.carlos-franco.html
Harrison Frazar,/content/pgatour/players/player.21805.harrison-frazar.html
Robin Freeman,/content/pgatour/players/player.01374.robin-freeman.html
Brad Fritsch,/content/pgatour/players/player.29740.brad-fritsch.html
Charles Frost,/content/pgatour/players/player.33181.charles-frost.html
David Frost,/content/pgatour/players/player.01378.david-frost.html
Yoshinori Fujimoto,/content/pgatour/players/player.29833.yoshinori-fujimoto.html
Hiroyuki Fujita,/content/pgatour/players/player.21284.hiroyuki-fujita.html
Pierre Fulke,/content/pgatour/players/player.20763.pierre-fulke.html
Fred Funk,/content/pgatour/players/player.01381.fred-funk.html
Jim Furyk,/content/pgatour/players/player.10809.jim-furyk.html
Brian Gaffney,/content/pgatour/players/player.23366.brian-gaffney.html
John Gagai,/content/pgatour/players/player.40068.john-gagai.html
Tommy Gainey,/content/pgatour/players/player.30750.tommy-gainey.html
Stephen Gallacher,/content/pgatour/players/player.20376.stephen-gallacher.html
"Jim Gallagher, Jr.",/content/pgatour/players/player.01385.jim-gallagher--jr-.html
Robert Gamez,/content/pgatour/players/player.01388.robert-gamez.html
Sergio Garcia,/content/pgatour/players/player.21209.sergio-garcia.html
Scott Gardiner,/content/pgatour/players/player.24399.scott-gardiner.html
Brice Garnett,/content/pgatour/players/player.29535.brice-garnett.html
Robert Garrigus,/content/pgatour/players/player.24358.robert-garrigus.html
Brian Gay,/content/pgatour/players/player.19846.brian-gay.html
Bob Gilder,/content/pgatour/players/player.01414.bob-gilder.html
Nick Gillespie,/content/pgatour/players/player.31626.nick-gillespie.html
Tom Gillis,/content/pgatour/players/player.08725.tom-gillis.html
Bill Glasson,/content/pgatour/players/player.01418.bill-glasson.html
Lucas Glover,/content/pgatour/players/player.25900.lucas-glover.html
Andres Gonzales,/content/pgatour/players/player.29720.andres-gonzales.html
Ernie Gonzalez,/content/pgatour/players/player.01425.ernie-gonzalez.html
Talor Gooch,/content/pgatour/players/player.46402.talor-gooch.html
Retief Goosen,/content/pgatour/players/player.20157.retief-goosen.html
Jason Gore,/content/pgatour/players/player.22892.jason-gore.html
David Gossett,/content/pgatour/players/player.23338.david-gossett.html
Paul Goydos,/content/pgatour/players/player.06643.paul-goydos.html
Branden Grace,/content/pgatour/players/player.29974.branden-grace.html
David Graham,/content/pgatour/players/player.01436.david-graham.html
Hubert Green,/content/pgatour/players/player.01443.hubert-green.html
Ken Green,/content/pgatour/players/player.01444.ken-green.html
Nathan Green,/content/pgatour/players/player.23718.nathan-green.html
Cody Gribble,/content/pgatour/players/player.39954.cody-gribble.html
Lanto Griffin,/content/pgatour/players/player.35310.lanto-griffin.html
Emiliano Grillo,/content/pgatour/players/player.31646.emiliano-grillo.html
Mike Grob,/content/pgatour/players/player.07941.mike-grob.html
Fabián Gómez,/content/pgatour/players/player.28679.fabian-gomez.html
Bill Haas,/content/pgatour/players/player.24924.bill-haas.html
Jay Haas,/content/pgatour/players/player.01457.jay-haas.html
Chesson Hadley,/content/pgatour/players/player.34563.chesson-hadley.html
Adam Hadwin,/content/pgatour/players/player.33399.adam-hadwin.html
Walter Hagen,/content/pgatour/players/player.15388.walter-hagen.html
Brandon Hagy,/content/pgatour/players/player.46550.brandon-hagy.html
James Hahn,/content/pgatour/players/player.32448.james-hahn.html
Tom Hale,/content/pgatour/players/player.40059.tom-hale.html
Gary Hallberg,/content/pgatour/players/player.01468.gary-hallberg.html
Ryan Haller,/content/pgatour/players/player.25277.ryan-haller.html
Todd Hamilton,/content/pgatour/players/player.01473.todd-hamilton.html
Donnie Hammond,/content/pgatour/players/player.01475.donnie-hammond.html
Anders Hansen,/content/pgatour/players/player.20859.anders-hansen.html
Peter Hanson,/content/pgatour/players/player.22792.peter-hanson.html
Brandon Harkins,/content/pgatour/players/player.35421.brandon-harkins.html
Brian Harman,/content/pgatour/players/player.27644.brian-harman.html
Padraig Harrington,/content/pgatour/players/player.20766.padraig-harrington.html
Dudley Hart,/content/pgatour/players/player.06575.dudley-hart.html
Morris Hatalsky,/content/pgatour/players/player.01495.morris-hatalsky.html
Tyrrell Hatton,/content/pgatour/players/player.34363.tyrrell-hatton.html
J.P. Hayes,/content/pgatour/players/player.08537.j-p--hayes.html
Mark Hayes,/content/pgatour/players/player.01499.mark-hayes.html
David Hearn,/content/pgatour/players/player.26758.david-hearn.html
Ryan Helminen,/content/pgatour/players/player.28380.ryan-helminen.html
Todd Hendley,/content/pgatour/players/player.40060.todd-hendley.html
Nolan Henke,/content/pgatour/players/player.01510.nolan-henke.html
Russell Henley,/content/pgatour/players/player.34098.russell-henley.html
Brian Henninger,/content/pgatour/players/player.06617.brian-henninger.html
J.J. Henry,/content/pgatour/players/player.23353.j-j--henry.html
Mark Hensby,/content/pgatour/players/player.20433.mark-hensby.html
Jim Herman,/content/pgatour/players/player.31557.jim-herman.html
Tim Herron,/content/pgatour/players/player.12782.tim-herron.html
Justin Hicks,/content/pgatour/players/player.25444.justin-hicks.html
Scott Hoch,/content/pgatour/players/player.01527.scott-hoch.html
Charley Hoffman,/content/pgatour/players/player.12716.charley-hoffman.html
Morgan Hoffmann,/content/pgatour/players/player.33461.morgan-hoffmann.html
Ben Hogan,/content/pgatour/players/player.01528.ben-hogan.html
Tom Hoge,/content/pgatour/players/player.35532.tom-hoge.html
J.B. Holmes,/content/pgatour/players/player.27141.j-b--holmes.html
Max Homa,/content/pgatour/players/player.39977.max-homa.html
Billy Horschel,/content/pgatour/players/player.29420.billy-horschel.html
Beau Hossler,/content/pgatour/players/player.35461.beau-hossler.html
David Howell,/content/pgatour/players/player.20608.david-howell.html
Charles Howell III,/content/pgatour/players/player.21961.charles-howell-iii.html
Mark Hubbard,/content/pgatour/players/player.36801.mark-hubbard.html
Mackenzie Hughes,/content/pgatour/players/player.35506.mackenzie-hughes.html
Rex Hughes,/content/pgatour/players/player.40067.rex-hughes.html
John Huh,/content/pgatour/players/player.34174.john-huh.html
Mike Hulbert,/content/pgatour/players/player.01549.mike-hulbert.html
Billy Hurley III,/content/pgatour/players/player.29222.billy-hurley-iii.html
John Huston,/content/pgatour/players/player.01553.john-huston.html
Yuta Ikeda,/content/pgatour/players/player.26908.yuta-ikeda.html
Mikko Ilonen,/content/pgatour/players/player.24956.mikko-ilonen.html
Ryuji Imada,/content/pgatour/players/player.21350.ryuji-imada.html
Trevor Immelman,/content/pgatour/players/player.22378.trevor-immelman.html
John Inman,/content/pgatour/players/player.01557.john-inman.html
Hale Irwin,/content/pgatour/players/player.01559.hale-irwin.html
Ryo Ishikawa,/content/pgatour/players/player.30852.ryo-ishikawa.html
Tony Jacklin,/content/pgatour/players/player.06306.tony-jacklin.html
Peter Jacobsen,/content/pgatour/players/player.01569.peter-jacobsen.html
Freddie Jacobson,/content/pgatour/players/player.21731.freddie-jacobson.html
Stephan Jaeger,/content/pgatour/players/player.36799.stephan-jaeger.html
Thongchai Jaidee,/content/pgatour/players/player.24511.thongchai-jaidee.html
Darryl James,/content/pgatour/players/player.20071.darryl-james.html
Scott Jamieson,/content/pgatour/players/player.31138.scott-jamieson.html
Lee Janzen,/content/pgatour/players/player.01577.lee-janzen.html
Tom Jenkins,/content/pgatour/players/player.01578.tom-jenkins.html
Jin Jeong,/content/pgatour/players/player.32878.jin-jeong.html
Miguel Angel Jiménez,/content/pgatour/players/player.19958.miguel-angel-jimenez.html
Cheng Jin,/content/pgatour/players/player.39826.cheng-jin.html
Brandt Jobe,/content/pgatour/players/player.06573.brandt-jobe.html
Dustin Johnson,/content/pgatour/players/player.30925.dustin-johnson.html
Richard Johnson,/content/pgatour/players/player.26420.richard-johnson.html
Zach Johnson,/content/pgatour/players/player.24024.zach-johnson.html
Andrew Johnston,/content/pgatour/players/player.34242.andrew-johnston.html
Brendan Jones,/content/pgatour/players/player.23725.brendan-jones.html
Brett Jones,/content/pgatour/players/player.28327.brett-jones.html
Matt Jones,/content/pgatour/players/player.26300.matt-jones.html
Steve Jones,/content/pgatour/players/player.01599.steve-jones.html
Jiman Kang,/content/pgatour/players/player.25400.jiman-kang.html
Sung Kang,/content/pgatour/players/player.27974.sung-kang.html
Rikard Karlberg,/content/pgatour/players/player.27899.rikard-karlberg.html
Robert Karlsson,/content/pgatour/players/player.19970.robert-karlsson.html
Smylie Kaufman,/content/pgatour/players/player.46440.smylie-kaufman.html
Jonathan Kaye,/content/pgatour/players/player.20094.jonathan-kaye.html
Martin Kaymer,/content/pgatour/players/player.27408.martin-kaymer.html
Jerry Kelly,/content/pgatour/players/player.08075.jerry-kelly.html
Troy Kelly,/content/pgatour/players/player.28308.troy-kelly.html
Skip Kendall,/content/pgatour/players/player.01619.skip-kendall.html
Ryan Kennedy,/content/pgatour/players/player.47225.ryan-kennedy.html
Anthony Kim,/content/pgatour/players/player.29718.anthony-kim.html
Hyung-Sung Kim,/content/pgatour/players/player.37092.hyung-sung-kim.html
K.T. Kim,/content/pgatour/players/player.28258.k-t--kim.html
Michael Kim,/content/pgatour/players/player.39975.michael-kim.html
Si Woo Kim,/content/pgatour/players/player.37455.si-woo-kim.html
Whee Kim,/content/pgatour/players/player.37454.whee-kim.html
Chris Kirk,/content/pgatour/players/player.30926.chris-kirk.html
Kevin Kisner,/content/pgatour/players/player.29478.kevin-kisner.html
Tom Kite,/content/pgatour/players/player.01633.tom-kite.html
Patton Kizzire,/content/pgatour/players/player.32757.patton-kizzire.html
Søren Kjeldsen,/content/pgatour/players/player.22986.soren-kjeldsen.html
Colt Knost,/content/pgatour/players/player.30711.colt-knost.html
Russell Knox,/content/pgatour/players/player.33122.russell-knox.html
Gary Koch,/content/pgatour/players/player.01641.gary-koch.html
Brooks Koepka,/content/pgatour/players/player.36689.brooks-koepka.html
Johan Kok,/content/pgatour/players/player.27652.johan-kok.html
Jason Kokrak,/content/pgatour/players/player.30944.jason-kokrak.html
Tomohiro Kondo,/content/pgatour/players/player.22032.tomohiro-kondo.html
Greg Kraft,/content/pgatour/players/player.06012.greg-kraft.html
Kelly Kraft,/content/pgatour/players/player.35879.kelly-kraft.html
Billy Kratzert,/content/pgatour/players/player.01648.billy-kratzert.html
Matt Kuchar,/content/pgatour/players/player.23108.matt-kuchar.html
Hank Kuehne,/content/pgatour/players/player.23552.hank-kuehne.html
Anirban Lahiri,/content/pgatour/players/player.31420.anirban-lahiri.html
Martin Laird,/content/pgatour/players/player.27936.martin-laird.html
Rick Lamb,/content/pgatour/players/player.46732.rick-lamb.html
Derek Lamely,/content/pgatour/players/player.27797.derek-lamely.html
Neal Lancaster,/content/pgatour/players/player.06332.neal-lancaster.html
Andrew Landry,/content/pgatour/players/player.33410.andrew-landry.html
Romain Langasque,/content/pgatour/players/player.37250.romain-langasque.html
Bernhard Langer,/content/pgatour/players/player.01666.bernhard-langer.html
Scott Langley,/content/pgatour/players/player.34261.scott-langley.html
Pablo Larrazabal,/content/pgatour/players/player.29670.pablo-larrazabal.html
Nate Lashley,/content/pgatour/players/player.28775.nate-lashley.html
Paul Lawrie,/content/pgatour/players/player.19904.paul-lawrie.html
Danny Lee,/content/pgatour/players/player.29926.danny-lee.html
Lucas Lee,/content/pgatour/players/player.32888.lucas-lee.html
Soomin Lee,/content/pgatour/players/player.34168.soomin-lee.html
Sung-Ho Lee,/content/pgatour/players/player.33233.sung-ho-lee.html
Ian Leggatt,/content/pgatour/players/player.10565.ian-leggatt.html
Tom Lehman,/content/pgatour/players/player.01677.tom-lehman.html
Marc Leishman,/content/pgatour/players/player.26851.marc-leishman.html
Justin Leonard,/content/pgatour/players/player.10860.justin-leonard.html
Wayne Levi,/content/pgatour/players/player.01682.wayne-levi.html
Spencer Levin,/content/pgatour/players/player.27466.spencer-levin.html
Alexander Levy,/content/pgatour/players/player.34579.alexander-levy.html
J.L. Lewis,/content/pgatour/players/player.01685.j-l--lewis.html
Frank Lickliter II,/content/pgatour/players/player.11032.frank-lickliter-ii.html
Bruce Lietzke,/content/pgatour/players/player.01690.bruce-lietzke.html
Nicholas Lindheim,/content/pgatour/players/player.37278.nicholas-lindheim.html
David Lingmerth,/content/pgatour/players/player.34409.david-lingmerth.html
Luke List,/content/pgatour/players/player.27129.luke-list.html
Gene Littler,/content/pgatour/players/player.01695.gene-littler.html
Bob Lohr,/content/pgatour/players/player.01701.bob-lohr.html
Peter Lonard,/content/pgatour/players/player.20634.peter-lonard.html
Andrew Loupe,/content/pgatour/players/player.35300.andrew-loupe.html
Davis Love III,/content/pgatour/players/player.01706.davis-love-iii.html
Tom Lovelady,/content/pgatour/players/player.50526.tom-lovelady.html
Jamie Lovemark,/content/pgatour/players/player.29461.jamie-lovemark.html
Steve Lowery,/content/pgatour/players/player.01707.steve-lowery.html
Shane Lowry,/content/pgatour/players/player.33204.shane-lowry.html
Chih Wei Lu,/content/pgatour/players/player.29064.chih-wei-lu.html
Curtis Luck,/content/pgatour/players/player.37380.curtis-luck.html
Joost Luiten,/content/pgatour/players/player.28300.joost-luiten.html
Bill Lunde,/content/pgatour/players/player.23548.bill-lunde.html
Mark Lye,/content/pgatour/players/player.01715.mark-lye.html
Jarrod Lyle,/content/pgatour/players/player.26881.jarrod-lyle.html
Sandy Lyle,/content/pgatour/players/player.01717.sandy-lyle.html
David Lynn,/content/pgatour/players/player.21099.david-lynn.html
Will MacKenzie,/content/pgatour/players/player.24912.will-mackenzie.html
Morten Orum Madsen,/content/pgatour/players/player.32694.morten-orum-madsen.html
Andrew Magee,/content/pgatour/players/player.01723.andrew-magee.html
Jeff Maggert,/content/pgatour/players/player.01724.jeff-maggert.html
John Mahaffey,/content/pgatour/players/player.01725.john-mahaffey.html
Hunter Mahan,/content/pgatour/players/player.24781.hunter-mahan.html
Peter Malnati,/content/pgatour/players/player.34466.peter-malnati.html
Roger Maltbie,/content/pgatour/players/player.01736.roger-maltbie.html
Matteo Manassero,/content/pgatour/players/player.33199.matteo-manassero.html
Sam Manning,/content/pgatour/players/player.40061.sam-manning.html
Steve Marino,/content/pgatour/players/player.28158.steve-marino.html
Ben Martin,/content/pgatour/players/player.33413.ben-martin.html
Daisuke Maruyama,/content/pgatour/players/player.21470.daisuke-maruyama.html
Shigeki Maruyama,/content/pgatour/players/player.12680.shigeki-maruyama.html
Dick Mast,/content/pgatour/players/player.01755.dick-mast.html
Hideki Matsuyama,/content/pgatour/players/player.32839.hideki-matsuyama.html
Troy Matteson,/content/pgatour/players/player.27120.troy-matteson.html
Len Mattiace,/content/pgatour/players/player.01761.len-mattiace.html
Billy Mayfair,/content/pgatour/players/player.01766.billy-mayfair.html
Blaine McCallister,/content/pgatour/players/player.01771.blaine-mccallister.html
Scott McCarron,/content/pgatour/players/player.10585.scott-mccarron.html
Gary McCord,/content/pgatour/players/player.01779.gary-mccord.html
Mike McCullough,/content/pgatour/players/player.01782.mike-mccullough.html
Mark McCumber,/content/pgatour/players/player.01783.mark-mccumber.html
Graeme McDowell,/content/pgatour/players/player.25572.graeme-mcdowell.html
William McGirt,/content/pgatour/players/player.31202.william-mcgirt.html
Jim McGovern,/content/pgatour/players/player.06090.jim-mcgovern.html
Rory McIlroy,/content/pgatour/players/player.28237.rory-mcilroy.html
Parker McLachlin,/content/pgatour/players/player.24449.parker-mclachlin.html
George McNeill,/content/pgatour/players/player.24490.george-mcneill.html
Spike McRoy,/content/pgatour/players/player.08339.spike-mcroy.html
Rocco Mediate,/content/pgatour/players/player.01797.rocco-mediate.html
Prom Meesawat,/content/pgatour/players/player.24039.prom-meesawat.html
John Merrick,/content/pgatour/players/player.27933.john-merrick.html
Troy Merritt,/content/pgatour/players/player.32640.troy-merritt.html
Shaun Micheel,/content/pgatour/players/player.06515.shaun-micheel.html
Phil Mickelson,/content/pgatour/players/player.01810.phil-mickelson.html
Cary Middlecoff,/content/pgatour/players/player.01811.cary-middlecoff.html
Johnny Miller,/content/pgatour/players/player.01815.johnny-miller.html
Bobby Mitchell,/content/pgatour/players/player.01820.bobby-mitchell.html
Larry Mize,/content/pgatour/players/player.01823.larry-mize.html
Bryce Molder,/content/pgatour/players/player.23800.bryce-molder.html
Edoardo Molinari,/content/pgatour/players/player.23814.edoardo-molinari.html
Francesco Molinari,/content/pgatour/players/player.25198.francesco-molinari.html
Ryan Moore,/content/pgatour/players/player.26596.ryan-moore.html
Gil Morgan,/content/pgatour/players/player.01837.gil-morgan.html
John Morgan,/content/pgatour/players/player.20112.john-morgan.html
Alan Morin,/content/pgatour/players/player.23091.alan-morin.html
James Morrison,/content/pgatour/players/player.29256.james-morrison.html
John Morse,/content/pgatour/players/player.07235.john-morse.html
Jodie Mudd,/content/pgatour/players/player.01846.jodie-mudd.html
Trey Mullinax,/content/pgatour/players/player.46601.trey-mullinax.html
Bob Murphy,/content/pgatour/players/player.01851.bob-murphy.html
Grayson Murray,/content/pgatour/players/player.34213.grayson-murray.html
Toshinori Muto,/content/pgatour/players/player.27118.toshinori-muto.html
Sebastián Muñoz,/content/pgatour/players/player.48822.sebastian-munoz.html
Kevin Na,/content/pgatour/players/player.25396.kevin-na.html
Byron Nelson,/content/pgatour/players/player.01863.byron-nelson.html
Larry Nelson,/content/pgatour/players/player.01864.larry-nelson.html
Bobby Nichols,/content/pgatour/players/player.01867.bobby-nichols.html
Jack Nicklaus,/content/pgatour/players/player.01869.jack-nicklaus.html
Frank Nobilo,/content/pgatour/players/player.10457.frank-nobilo.html
Seung-Yul Noh,/content/pgatour/players/player.29289.seung-yul-noh.html
Alex Noren,/content/pgatour/players/player.27349.alex-noren.html
Henrik Norlander,/content/pgatour/players/player.30163.henrik-norlander.html
Greg Norman,/content/pgatour/players/player.01876.greg-norman.html
Andy North,/content/pgatour/players/player.01878.andy-north.html
Sean O'Hair,/content/pgatour/players/player.24140.sean-o-hair.html
Mark O'Meara,/content/pgatour/players/player.01887.mark-o-meara.html
Arron Oberholser,/content/pgatour/players/player.20628.arron-oberholser.html
Koumei Oda,/content/pgatour/players/player.27119.koumei-oda.html
Joe Ogilvie,/content/pgatour/players/player.21949.joe-ogilvie.html
Geoff Ogilvy,/content/pgatour/players/player.22046.geoff-ogilvy.html
José María Olazábal,/content/pgatour/players/player.06373.jose-maria-olazabal.html
Jeff Olson,/content/pgatour/players/player.34357.jeff-olson.html
Peter Oosterhuis,/content/pgatour/players/player.01897.peter-oosterhuis.html
Louis Oosthuizen,/content/pgatour/players/player.26329.louis-oosthuizen.html
Adrian Otaegui,/content/pgatour/players/player.34575.adrian-otaegui.html
Hennie Otto,/content/pgatour/players/player.22400.hennie-otto.html
Jeff Overton,/content/pgatour/players/player.28475.jeff-overton.html
Greg Owen,/content/pgatour/players/player.20691.greg-owen.html
Arnold Palmer,/content/pgatour/players/player.01910.arnold-palmer.html
Ryan Palmer,/content/pgatour/players/player.23320.ryan-palmer.html
Rod Pampling,/content/pgatour/players/player.20572.rod-pampling.html
C.T. Pan,/content/pgatour/players/player.29908.c-t--pan.html
S.J. Park,/content/pgatour/players/player.34130.s-j--park.html
Jesper Parnevik,/content/pgatour/players/player.12660.jesper-parnevik.html
Craig Parry,/content/pgatour/players/player.01920.craig-parry.html
Jerry Pate,/content/pgatour/players/player.01925.jerry-pate.html
Steve Pate,/content/pgatour/players/player.01926.steve-pate.html
Corey Pavin,/content/pgatour/players/player.01928.corey-pavin.html
Eddie Pepperell,/content/pgatour/players/player.34709.eddie-pepperell.html
Cameron Percy,/content/pgatour/players/player.22056.cameron-percy.html
Pat Perez,/content/pgatour/players/player.24361.pat-perez.html
Tom Pernice Jr.,/content/pgatour/players/player.01941.tom-pernice-jr-.html
Chris Perry,/content/pgatour/players/player.01943.chris-perry.html
Kenny Perry,/content/pgatour/players/player.01945.kenny-perry.html
Austin Peters,/content/pgatour/players/player.48139.austin-peters.html
John Peterson,/content/pgatour/players/player.35541.john-peterson.html
Tim Petrovic,/content/pgatour/players/player.01948.tim-petrovic.html
Carl Pettersson,/content/pgatour/players/player.25345.carl-pettersson.html
Scott Piercy,/content/pgatour/players/player.25818.scott-piercy.html
Thomas Pieters,/content/pgatour/players/player.33293.thomas-pieters.html
Martin Piller,/content/pgatour/players/player.32876.martin-piller.html
Gary Player,/content/pgatour/players/player.01955.gary-player.html
D.A. Points,/content/pgatour/players/player.25240.d-a--points.html
Don Pooley,/content/pgatour/players/player.01960.don-pooley.html
J.T. Poston,/content/pgatour/players/player.49771.j-t--poston.html
"Ted Potter, Jr.",/content/pgatour/players/player.27556.ted-potter--jr-.html
Ian Poulter,/content/pgatour/players/player.24138.ian-poulter.html
Seamus Power,/content/pgatour/players/player.28252.seamus-power.html
Nick Price,/content/pgatour/players/player.01968.nick-price.html
Dicky Pride,/content/pgatour/players/player.10213.dicky-pride.html
Ted Purdy,/content/pgatour/players/player.21959.ted-purdy.html
Tom Purtzer,/content/pgatour/players/player.01975.tom-purtzer.html
Andrew Putnam,/content/pgatour/players/player.34256.andrew-putnam.html
Michael Putnam,/content/pgatour/players/player.28486.michael-putnam.html
Julien Quesne,/content/pgatour/players/player.27778.julien-quesne.html
Brett Quigley,/content/pgatour/players/player.07749.brett-quigley.html
Alvaro Quiros,/content/pgatour/players/player.27072.alvaro-quiros.html
Jon Rahm,/content/pgatour/players/player.46970.jon-rahm.html
Adam Rainaud,/content/pgatour/players/player.46488.adam-rainaud.html
Richie Ramsay,/content/pgatour/players/player.29531.richie-ramsay.html
Jonathan Randolph,/content/pgatour/players/player.34358.jonathan-randolph.html
Chez Reavie,/content/pgatour/players/player.26476.chez-reavie.html
Patrick Reed,/content/pgatour/players/player.34360.patrick-reed.html
Mike Reid,/content/pgatour/players/player.01996.mike-reid.html
Kyle Reifers,/content/pgatour/players/player.29476.kyle-reifers.html
Tag Ridings,/content/pgatour/players/player.23497.tag-ridings.html
Chris Riley,/content/pgatour/players/player.20127.chris-riley.html
Wes Roach,/content/pgatour/players/player.35732.wes-roach.html
George Roat,/content/pgatour/players/player.40065.george-roat.html
Loren Roberts,/content/pgatour/players/player.02010.loren-roberts.html
Robert Rock,/content/pgatour/players/player.26539.robert-rock.html
Patrick Rodgers,/content/pgatour/players/player.36699.patrick-rodgers.html
Chi Chi Rodriguez,/content/pgatour/players/player.02015.chi-chi-rodriguez.html
John Rollins,/content/pgatour/players/player.22913.john-rollins.html
Andres Romero,/content/pgatour/players/player.25562.andres-romero.html
Justin Rose,/content/pgatour/players/player.22405.justin-rose.html
Dave Rummells,/content/pgatour/players/player.02033.dave-rummells.html
Sam Ryder,/content/pgatour/players/player.37275.sam-ryder.html
Rory Sabbatini,/content/pgatour/players/player.23621.rory-sabbatini.html
Gene Sarazen,/content/pgatour/players/player.05546.gene-sarazen.html
Gene Sauers,/content/pgatour/players/player.02049.gene-sauers.html
Sam Saunders,/content/pgatour/players/player.29223.sam-saunders.html
Xander Schauffele,/content/pgatour/players/player.48081.xander-schauffele.html
Adam Schenk,/content/pgatour/players/player.47347.adam-schenk.html
Ollie Schniederjans,/content/pgatour/players/player.46501.ollie-schniederjans.html
Ted Schulz,/content/pgatour/players/player.02067.ted-schulz.html
Charl Schwartzel,/content/pgatour/players/player.26331.charl-schwartzel.html
Adam Scott,/content/pgatour/players/player.24502.adam-scott.html
John Senden,/content/pgatour/players/player.20645.john-senden.html
Chan Shih-chang,/content/pgatour/players/player.29078.chan-shih-chang.html
Conrad Shindler,/content/pgatour/players/player.39328.conrad-shindler.html
"Wes Short, Jr.",/content/pgatour/players/player.07013.wes-short--jr-.html
Marcel Siem,/content/pgatour/players/player.23481.marcel-siem.html
Charles Sifford,/content/pgatour/players/player.02091.charles-sifford.html
Ben Silverman,/content/pgatour/players/player.39327.ben-silverman.html
Gerry Simoni,/content/pgatour/players/player.40064.gerry-simoni.html
Scott Simpson,/content/pgatour/players/player.02099.scott-simpson.html
Tim Simpson,/content/pgatour/players/player.02100.tim-simpson.html
Webb Simpson,/content/pgatour/players/player.29221.webb-simpson.html
Joey Sindelar,/content/pgatour/players/player.02101.joey-sindelar.html
Jeev Milkha Singh,/content/pgatour/players/player.20686.jeev-milkha-singh.html
Vijay Singh,/content/pgatour/players/player.06567.vijay-singh.html
Lee Slattery,/content/pgatour/players/player.25321.lee-slattery.html
Roger Sloan,/content/pgatour/players/player.33486.roger-sloan.html
Heath Slocum,/content/pgatour/players/player.22293.heath-slocum.html
Jeff Sluman,/content/pgatour/players/player.02104.jeff-sluman.html
Byron Smith,/content/pgatour/players/player.28023.byron-smith.html
Cameron Smith,/content/pgatour/players/player.35891.cameron-smith.html
Chris Smith,/content/pgatour/players/player.02106.chris-smith.html
Jerry Smith,/content/pgatour/players/player.02110.jerry-smith.html
J.C. Snead,/content/pgatour/players/player.02118.j-c--snead.html
Sam Snead,/content/pgatour/players/player.02119.sam-snead.html
Brandt Snedeker,/content/pgatour/players/player.27649.brandt-snedeker.html
Brent Snyder,/content/pgatour/players/player.48138.brent-snyder.html
Joey Snyder III,/content/pgatour/players/player.21951.joey-snyder-iii.html
Young-han Song,/content/pgatour/players/player.36521.young-han-song.html
Bob Sowards,/content/pgatour/players/player.12309.bob-sowards.html
J.J. Spaun,/content/pgatour/players/player.39324.j-j--spaun.html
Jordan Spieth,/content/pgatour/players/player.34046.jordan-spieth.html
Mike Springer,/content/pgatour/players/player.02131.mike-springer.html
Craig Stadler,/content/pgatour/players/player.02133.craig-stadler.html
Kevin Stadler,/content/pgatour/players/player.26679.kevin-stadler.html
Gary Stal,/content/pgatour/players/player.32493.gary-stal.html
Scott Stallings,/content/pgatour/players/player.30692.scott-stallings.html
Paul Stankowski,/content/pgatour/players/player.08375.paul-stankowski.html
Kyle Stanley,/content/pgatour/players/player.30110.kyle-stanley.html
Brendan Steele,/content/pgatour/players/player.29518.brendan-steele.html
Shawn Stefani,/content/pgatour/players/player.33418.shawn-stefani.html
Brett Stegmaier,/content/pgatour/players/player.29485.brett-stegmaier.html
Henrik Stenson,/content/pgatour/players/player.21528.henrik-stenson.html
Richard Sterne,/content/pgatour/players/player.24459.richard-sterne.html
Payne Stewart,/content/pgatour/players/player.02146.payne-stewart.html
Dave Stockton,/content/pgatour/players/player.02152.dave-stockton.html
Brandon Stone,/content/pgatour/players/player.35225.brandon-stone.html
Graeme Storm,/content/pgatour/players/player.23969.graeme-storm.html
Curtis Strange,/content/pgatour/players/player.02159.curtis-strange.html
Robert Streb,/content/pgatour/players/player.34431.robert-streb.html
Ron Streck,/content/pgatour/players/player.02160.ron-streck.html
Kevin Streelman,/content/pgatour/players/player.27214.kevin-streelman.html
Steve Stricker,/content/pgatour/players/player.06527.steve-stricker.html
Chris Stroud,/content/pgatour/players/player.27963.chris-stroud.html
Brian Stuard,/content/pgatour/players/player.31560.brian-stuard.html
Grant Sturgeon,/content/pgatour/players/player.33545.grant-sturgeon.html
Zack Sucher,/content/pgatour/players/player.33449.zack-sucher.html
Andy Sullivan,/content/pgatour/players/player.35314.andy-sullivan.html
Daniel Summerhays,/content/pgatour/players/player.25834.daniel-summerhays.html
Kevin Sutherland,/content/pgatour/players/player.06595.kevin-sutherland.html
Hal Sutton,/content/pgatour/players/player.02170.hal-sutton.html
Andrew Svoboda,/content/pgatour/players/player.29425.andrew-svoboda.html
Hudson Swafford,/content/pgatour/players/player.34264.hudson-swafford.html
Toru Taniguchi,/content/pgatour/players/player.20935.toru-taniguchi.html
Hideto Tanihara,/content/pgatour/players/player.21498.hideto-tanihara.html
Phil Tataurangi,/content/pgatour/players/player.12663.phil-tataurangi.html
Nick Taylor,/content/pgatour/players/player.25493.nick-taylor.html
Vaughn Taylor,/content/pgatour/players/player.23325.vaughn-taylor.html
Josh Teater,/content/pgatour/players/player.27330.josh-teater.html
Lance Ten Broeck,/content/pgatour/players/player.02185.lance-ten-broeck.html
Doug Tewell,/content/pgatour/players/player.02190.doug-tewell.html
Justin Thomas,/content/pgatour/players/player.33448.justin-thomas.html
Kyle Thompson,/content/pgatour/players/player.22582.kyle-thompson.html
Leonard Thompson,/content/pgatour/players/player.02195.leonard-thompson.html
Michael Thompson,/content/pgatour/players/player.32150.michael-thompson.html
Peter Thomson,/content/pgatour/players/player.02199.peter-thomson.html
Jim Thorpe,/content/pgatour/players/player.02201.jim-thorpe.html
Brendon Todd,/content/pgatour/players/player.30927.brendon-todd.html
David Toms,/content/pgatour/players/player.02206.david-toms.html
Ethan Tracy,/content/pgatour/players/player.47287.ethan-tracy.html
D.J. Trahan,/content/pgatour/players/player.23788.d-j--trahan.html
Lee Trevino,/content/pgatour/players/player.02213.lee-trevino.html
Cameron Tringale,/content/pgatour/players/player.33419.cameron-tringale.html
Kirk Triplett,/content/pgatour/players/player.02214.kirk-triplett.html
Marc Turnesa,/content/pgatour/players/player.26668.marc-turnesa.html
Bob Tway,/content/pgatour/players/player.02223.bob-tway.html
Kevin Tway,/content/pgatour/players/player.32333.kevin-tway.html
Peter Uihlein,/content/pgatour/players/player.29484.peter-uihlein.html
Omar Uresti,/content/pgatour/players/player.08385.omar-uresti.html
Stan Utley,/content/pgatour/players/player.02230.stan-utley.html
Tyrone Van Aswegen,/content/pgatour/players/player.28132.tyrone-van-aswegen.html
Bo Van Pelt,/content/pgatour/players/player.23623.bo-van-pelt.html
Harold Varner III,/content/pgatour/players/player.37189.harold-varner-iii.html
Emile Vaughan,/content/pgatour/players/player.40062.emile-vaughan.html
Jhonattan Vegas,/content/pgatour/players/player.27064.jhonattan-vegas.html
Daniel Venezio,/content/pgatour/players/player.48137.daniel-venezio.html
Martin Verdegaal,/content/pgatour/players/player.40063.martin-verdegaal.html
Scott Verplank,/content/pgatour/players/player.02239.scott-verplank.html
Camilo Villegas,/content/pgatour/players/player.27770.camilo-villegas.html
Bobby Wadkins,/content/pgatour/players/player.02241.bobby-wadkins.html
Lanny Wadkins,/content/pgatour/players/player.02242.lanny-wadkins.html
Fred Wadsworth,/content/pgatour/players/player.02244.fred-wadsworth.html
Johnson Wagner,/content/pgatour/players/player.26951.johnson-wagner.html
Grant Waite,/content/pgatour/players/player.02245.grant-waite.html
Duffy Waldorf,/content/pgatour/players/player.02246.duffy-waldorf.html
Jimmy Walker,/content/pgatour/players/player.25632.jimmy-walker.html
Marc Warren,/content/pgatour/players/player.25841.marc-warren.html
Nick Watney,/content/pgatour/players/player.27095.nick-watney.html
Bubba Watson,/content/pgatour/players/player.25804.bubba-watson.html
Denis Watson,/content/pgatour/players/player.02255.denis-watson.html
Tom Watson,/content/pgatour/players/player.02256.tom-watson.html
Boo Weekley,/content/pgatour/players/player.26289.boo-weekley.html
D.A. Weibring,/content/pgatour/players/player.02267.d-a--weibring.html
Mike Weir,/content/pgatour/players/player.10423.mike-weir.html
Richy Werenski,/content/pgatour/players/player.47128.richy-werenski.html
Lee Westwood,/content/pgatour/players/player.20396.lee-westwood.html
Brett Wetterich,/content/pgatour/players/player.23322.brett-wetterich.html
Steve Wheatcroft,/content/pgatour/players/player.25892.steve-wheatcroft.html
Charlie Wi,/content/pgatour/players/player.20160.charlie-wi.html
Mark Wiebe,/content/pgatour/players/player.02279.mark-wiebe.html
Bernd Wiesberger,/content/pgatour/players/player.29454.bernd-wiesberger.html
Willy Wilcox,/content/pgatour/players/player.34265.willy-wilcox.html
Tim Wilkinson,/content/pgatour/players/player.25349.tim-wilkinson.html
Danny Willett,/content/pgatour/players/player.32139.danny-willett.html
Lee Williams,/content/pgatour/players/player.28310.lee-williams.html
Garrett Willis,/content/pgatour/players/player.20436.garrett-willis.html
Mark Wilson,/content/pgatour/players/player.21878.mark-wilson.html
Thaworn Wiratchant,/content/pgatour/players/player.22110.thaworn-wiratchant.html
Aaron Wise,/content/pgatour/players/player.49964.aaron-wise.html
Chris Wood,/content/pgatour/players/player.22000.chris-wood.html
Willie Wood,/content/pgatour/players/player.02294.willie-wood.html
Gary Woodland,/content/pgatour/players/player.31323.gary-woodland.html
Tiger Woods,/content/pgatour/players/player.08793.tiger-woods.html
Michael Wright,/content/pgatour/players/player.27024.michael-wright.html
Ashun Wu,/content/pgatour/players/player.33870.ashun-wu.html
Bobby Wyatt,/content/pgatour/players/player.46507.bobby-wyatt.html
Y.E. Yang,/content/pgatour/players/player.24663.y-e--yang.html
Steven Young,/content/pgatour/players/player.22746.steven-young.html
Andrew Yun,/content/pgatour/players/player.35544.andrew-yun.html
Fabrizio Zanotti,/content/pgatour/players/player.29939.fabrizio-zanotti.html
Xinjun Zhang,/content/pgatour/players/player.32254.xinjun-zhang.html
Fuzzy Zoeller,/content/pgatour/players/player.02321.fuzzy-zoeller.html
